dirty_2,dirty,(of a manuscript) defaced with changes <br /> <i>(Example: Foul (or dirty) copy)</i>,(of color) discolored by impurities; not bright and clear;  is often used in combination <br /> <i>(Example: Dirty)</i>,(of behavior or especially language) characterized by obscenity or indecency <br /> <i>(Example: Dirty words)</i>,vile; despicable <br /> <i>(Example: A dirty (or lousy) trick)</i>,contaminated with infecting organisms <br /> <i>(Example: Dirty wounds)</i>,5
jelly_1,jelly,any substance having the consistency of jelly or gelatin <br /> <i>(Example: They put some jelly on my tummy and then we could see baby on the television)</i>,an edible jelly (sweet or pungent) made with gelatin and used as a dessert or salad base or a coating for foods <br /> <i>(Example: I had jelly for dessert)</i>,a preserve made of the jelled juice of fruit <br /> <i>(Example: Do you like jelly on toast?)</i>,,,3
block_2,block,a simple machine consisting of a wheel with a groove in which a rope can run to change the direction or point of application of a force applied to the rope <br /> <i>(Example: You need to use the block to open the curtains)</i>,the act of obstructing or deflecting someone's movements <br /> <i>(Example: Basketball players need to block their opponents when playing defense)</i>,a solid piece of something (usually having flat rectangular sides) <br /> <i>(Example: The pyramids were built with large stone blocks)</i>,a metal casting containing the cylinders and cooling ducts of an engine <br /> <i>(Example: The engine had to be replaced because the block was cracked)</i>,a platform from which an auctioneer sells <br /> <i>(Example: They put their paintings on the block)</i>,5
hot_5,hot,charged or energized with electricity <br /> <i>(Example: A hot wire)</i>,,,,,1
play_2,play,perform on a stage or theater <br /> <i>(Example: She acts in this play)</i>,play a role or part <br /> <i>(Example: Gielgud played Hamlet)</i>,emit recorded sound <br /> <i>(Example: The tape was playing for hours)</i>,make bets <br /> <i>(Example: Play the casinos in Trouville)</i>,play on an instrument <br /> <i>(Example: The band played all night long)</i>,5
give_1,give,allow to have or take <br /> <i>(Example: I give you two minutes to respond)</i>,"convey or communicate; of a smile, a look, a physical gesture <br /> <i>(Example: She gave me a dirty look)</i>","guide or direct, as by behavior of persuasion <br /> <i>(Example: You gave me to think that you agreed with me)</i>",transfer possession of something concrete or abstract to somebody <br /> <i>(Example: Can you give me lessons?)</i>,propose <br /> <i>(Example: He gave the first of many toasts at the birthday party)</i>,5
sky_1,sky,the atmosphere and outer space as viewed from the earth <br /> <i>(Example: The sky is blue)</i>,,,,,1
break_9,break,interrupt a continued activity <br /> <i>(Example: Lets break for lunch)</i>,make known to the public information that was previously known only to a few people or that was meant to be kept a secret <br /> <i>(Example: He broke the news to her)</i>,crack; of the male voice in puberty <br /> <i>(Example: His voice is breaking--he should no longer sing in the choir)</i>,happen <br /> <i>(Example: Things have been breaking pretty well for us in the past few months)</i>,discontinue an association or relation; go different ways <br /> <i>(Example: My friend and I broke up)</i>,5
draw_6,draw,"make, formulate, or derive in the mind <br /> <i>(Example: I draw a line here)</i>",write a legal document or paper <br /> <i>(Example: The deed was drawn in the lawyer's office)</i>,earn or achieve a base by being walked by the pitcher <br /> <i>(Example: He drew a base on balls)</i>,cause to localize at one point <br /> <i>(Example: Draw blood and pus)</i>,move or go steadily or gradually <br /> <i>(Example: The ship drew near the shore)</i>,5
dry_2,dry,without a mucous or watery discharge <br /> <i>(Example: A dry cough)</i>,practicing complete abstinence from alcoholic beverages <br /> <i>(Example: He's been dry for ten years)</i>,free from liquid or moisture; lacking natural or normal moisture or depleted of water; or no longer wet <br /> <i>(Example: Dry land)</i>,not shedding tears <br /> <i>(Example: Dry sobs)</i>,lacking interest or stimulation; dull and lifeless <br /> <i>(Example: A dry book)</i>,5
tuna_1,tuna,New Zealand eel <br /> <i>(Example: A New Zealand eel is also called a tuna)</i>,any very large marine food and game fish of the genus Thunnus; related to mackerel; chiefly of warm waters <br /> <i>(Example: Tuna fishing is a large industry)</i>,important warm-water fatty fish of the genus Thunnus of the family Scombridae; usually served as steaks <br /> <i>(Example: We had grilled tuna for dinner)</i>,,,3
shoe_1,shoe,U-shaped plate nailed to underside of horse's hoof <br /> <i>(Example: We need to replace my horses shoe)</i>,"a restraint provided when the brake linings are moved hydraulically against the brake drum to retard the wheel's rotation <br /> <i>(Example: When the brake is applied, the shoe moves and presses the lining against the inside of the drum)</i>",(card games) a case from which playing cards are dealt one at a time <br /> <i>(Example: The dealer delt from the shoe)</i>,footwear shaped to fit the foot (below the ankle) with a flexible upper of leather or plastic and a sole and heel of heavier material <br /> <i>(Example: Where is your other shoe?)</i>,,4
owl_1,owl,"nocturnal bird of prey with hawk-like beak and claws and large head with front-facing eyes <br /> <i>(Example: The owl said ""Who?"")</i>",,,,,1
make_4,make,gather and light the materials for <br /> <i>(Example: Make a fire)</i>,charge with a function; charge to be <br /> <i>(Example: She was made president of the club)</i>,"reach a destination, either real or abstract <br /> <i>(Example: We barely made it to the finish line)</i>","give rise to; cause to happen or occur, not always intentionally <br /> <i>(Example: Make a stir)</i>","reach a goal, e.g., <br /> <i>(Example: Make the first team)</i>",5
keys_2,keys,"mechanical device used to wind another device that is driven by a spring (as a clock) <br /> <i>(Example: Go get the key, I need to fix this clock)</i>",a kilogram of a narcotic drug <br /> <i>(Example: They were carrying two keys of heroin)</i>,the central building block at the top of an arch or vault <br /> <i>(Example: The key can be considered the most impoartant part when building an arch)</i>,a list of answers to a test <br /> <i>(Example: Some students had stolen the key to the final exam)</i>,(basketball) a space (including the foul line) in front of the basket at each end of a basketball court; usually painted a different color from the rest of the court <br /> <i>(Example: He hit a jump shot from the top of the key)</i>,5
bathroom_1,bathroom,a room (as in a residence) containing a bathtub or shower and usually a washbasin and toilet <br /> <i>(Example: The bathroom is down the hall)</i>,a room or building equipped with one or more toilets <br /> <i>(Example: There are no public bathrooms here)</i>,,,,2
play_3,play,engage in recreational activities rather than work; occupy oneself in a diversion <br /> <i>(Example: On weekends I play)</i>,be at play; be engaged in playful activity; amuse oneself in a way characteristic of children <br /> <i>(Example: The kids were playing outside all day)</i>,pretend to have certain qualities or state of mind <br /> <i>(Example: She plays deaf when the news are bad)</i>,act or have an effect in a specified way or with a specific effect or outcome <br /> <i>(Example: This factor played only a minor part in his decision)</i>,"move or seem to move quickly, lightly, or irregularly <br /> <i>(Example: The spotlights played on the politicians)</i>",5
soft_3,soft,willing to negotiate and compromise <br /> <i>(Example: He was soft with the deal)</i>,(of light) transmitted from a broad light source or reflected <br /> <i>(Example: The soft light created diffussed shadows)</i>,(of sound) relatively low in volume <br /> <i>(Example: Soft voices)</i>,yielding readily to pressure or weight <br /> <i>(Example: This couch is very soft)</i>,soft and mild; not harsh or stern or severe <br /> <i>(Example: You're being very gentle with these teddys)</i>,5
pickle_1,pickle,vegetables (especially cucumbers) preserved in brine or vinegar <br /> <i>(Example: On saturday he ate through one pickle)</i>,informal terms for a difficult situation <br /> <i>(Example: You're gonna get yourself into a pickle)</i>,,,,2
jeans_1,jeans,(usually plural) close-fitting trousers of heavy denim for manual work or casual wear <br /> <i>(Example: Wash my jeans and my fleece)</i>,a coarse durable twill-weave cotton fabric <br /> <i>(Example: I love my jean jacket)</i>,,,,2
garage_1,garage,a repair shop where cars and trucks are serviced and repaired <br /> <i>(Example: The bus is going to reverse into the garage isn't it)</i>,an outbuilding (or part of a building) for housing automobiles <br /> <i>(Example: Drive the car into the garage)</i>,,,,2
doll_1,doll,informal terms for a (young) woman <br /> <i>(Example: Darling would you be a doll?)</i>,a small replica of a person; used as a toy <br /> <i>(Example: Shall we put this dress on the doll)</i>,,,,2
turkey_1,turkey,"a Eurasian republic in Asia Minor and the Balkans; on the collapse of the Ottoman Empire in 1918, the Young Turks, led by Kemal Ataturk, established a republic in 1923 <br /> <i>(Example: I went to Turkey during summer)</i>",a person who does something thoughtless or annoying <br /> <i>(Example: Some turkey is blocking the driveway)</i>,an event that fails badly or is totally ineffectual <br /> <i>(Example: The first experiment was a real turkey)</i>,flesh of large domesticated fowl usually roasted <br /> <i>(Example: Do you want sandwiches tonight or do you want more turkey)</i>,large gallinaceous bird with fan-shaped tail; widely domesticated for food <br /> <i>(Example: Turkeys live in a group called flocks)</i>,5
take_5,take,experience or feel or submit to <br /> <i>(Example: I gotta take a shower)</i>,make a film or photograph of something <br /> <i>(Example: Take a scene)</i>,head into a specified direction <br /> <i>(Example: He escaped convict took to the hills)</i>,"point or cause to go (blows, weapons, or objects such as photographic equipment) towards <br /> <i>(Example: Take a swipe at one's opponent)</i>",take something or somebody with oneself somewhere <br /> <i>(Example: Take these letters to the boss)</i>,5
flag_1,flag,"a listing printed in all issues of a newspaper or magazine (usually on the editorial page) that gives the name of the publication and the names of the editorial staff, etc. <br /> <i>(Example: This is our flag ship newspaper)</i>",plants with sword-shaped leaves and erect stalks bearing bright-colored flowers composed of three petals and three drooping sepals <br /> <i>(Example: What a beautiful field of flags)</i>,emblem usually consisting of a rectangular piece of cloth of distinctive design <br /> <i>(Example: That's a flag on a castle)</i>,flagpole used to mark the position of the hole on a golf green <br /> <i>(Example: The flag on the 18th hole)</i>,stratified stone that splits into pieces suitable as paving stones <br /> <i>(Example: You can buy flag at the hardware store for stepping stones)</i>,5
fall_4,fall,yield to temptation or sin <br /> <i>(Example: The fall of man)</i>,begin vigorously <br /> <i>(Example: The prisoners fell to work right away)</i>,"be born, used chiefly of lambs <br /> <i>(Example: I'm expecting a new lamb to fall early tomorrow morning)</i>",be cast down <br /> <i>(Example: His eyes fell)</i>,assume a disappointed or sad expression <br /> <i>(Example: Her face fell when she heard that she would be laid off)</i>,5
tricycle_1,tricycle,a vehicle with three wheels that is moved by foot pedals <br /> <i>(Example: Maisy rides her tricycle)</i>,,,,,1
swing_1,swing,the act of swinging a golf club at a golf ball and (usually) hitting it <br /> <i>(Example: His swing is a little low)</i>,mechanical device used as a plaything to support someone swinging back and forth <br /> <i>(Example: We'll go on the swing in a little while)</i>,changing location by moving back and forth <br /> <i>(Example: He would swing between his office and the breakroom)</i>,in baseball; a batter's attempt to hit a pitched ball <br /> <i>(Example: His swing was a little late)</i>,a jaunty rhythm in music <br /> <i>(Example: He plays a nice swing)</i>,5
heavy_2,heavy,of the military or industry; using (or being) the heaviest and most powerful armaments or weapons or equipment <br /> <i>(Example: Heavy artillery)</i>,permitting little if any light to pass through because of denseness of matter <br /> <i>(Example: Heavy fog)</i>,dense or inadequately leavened and hence likely to cause distress in the alimentary canal <br /> <i>(Example: A heavy pudding)</i>,in an advanced stage of pregnancy <br /> <i>(Example: She was heavy with child)</i>,darkened by clouds <br /> <i>(Example: A heavy sky)</i>,5
have_3,have,have left <br /> <i>(Example: I have two years left)</i>,have sex with; archaic use <br /> <i>(Example: You can have me)</i>,have a personal or business relationship with someone <br /> <i>(Example: Have a postdoc)</i>,get something; come into possession of <br /> <i>(Example: I have a package)</i>,cause to be born <br /> <i>(Example: My wife had twins yesterday!)</i>,5
blow_5,blow,allow to regain its breath <br /> <i>(Example: Blow a horse)</i>,"cause air to go in, on, or through <br /> <i>(Example: Blow my hair dry)</i>",,,,2
foot_1,foot,the part of the leg of a human being below the ankle joint <br /> <i>(Example: Armored from head to foot)</i>,a linear unit of length equal to 12 inches or a third of a yard <br /> <i>(Example: You're two feet tall now)</i>,a support resembling a pedal extremity <br /> <i>(Example: One foot of the chair was on the carpet)</i>,the pedal extremity of vertebrates other than human beings <br /> <i>(Example: Joey's mother nibbles grass she uses her short front arms and big back feet to hop-step forward)</i>,any of various organs of locomotion or attachment in invertebrates <br /> <i>(Example: The broad foot of the chiton anchors it to the shore)</i>,5
pour_1,pour,flow in a spurt <br /> <i>(Example: Water poured all over the floor)</i>,move in large numbers <br /> <i>(Example: People were pouring out of the theater)</i>,supply in large amounts or quantities <br /> <i>(Example: We poured money into the education of our children)</i>,cause to run <br /> <i>(Example: Pour water over the floor)</i>,pour out <br /> <i>(Example: I'm just going to pour myself a cup of tea)</i>,5
pretty_1,pretty,pleasing by delicacy or grace; not imposing <br /> <i>(Example: Pretty girl)</i>,(used ironically) unexpectedly bad <br /> <i>(Example: A pretty mess)</i>,,,,2
yucky_1,yucky,highly offensive; arousing aversion or disgust <br /> <i>(Example: I think rats are yucky)</i>,,,,,1
throw_3,throw,throw (a die) out onto a flat surface <br /> <i>(Example: Throw a six)</i>,cause to fall off <br /> <i>(Example: The horse threw its inexperienced rider)</i>,propel through the air <br /> <i>(Example: Throw a frisbee)</i>,be confusing or perplexing to; cause to be unable to think clearly <br /> <i>(Example: This question completely threw me)</i>,utter with force; utter vehemently <br /> <i>(Example: Throw accusations at someone)</i>,5
food_1,food,any solid substance (as opposed to liquid) that is used as a source of nourishment <br /> <i>(Example: Food and drink)</i>,anything that provides mental stimulus for thinking <br /> <i>(Example: That's food for thought)</i>,"any substance that can be metabolized by an animal to give energy and build tissue <br /> <i>(Example: How do you want food, you just ate)</i>",,,3
tiny_1,tiny,very small <br /> <i>(Example: Tiny feet)</i>,,,,,1
put_2,put,formulate in a particular style or language <br /> <i>(Example: I wouldn't put it that way)</i>,estimate <br /> <i>(Example: We put the time of arrival at 8 P. M)</i>,attribute or give <br /> <i>(Example: She put too much emphasis on her the last statement)</i>,put into a certain place or abstract location <br /> <i>(Example: Put your things here)</i>,,4
butter_1,butter,"a fighter who strikes the opponent with his head <br /> <i>(Example: Keep your hands up around that one, he's a butter)</i>",an edible emulsion of fat globules made by churning milk or cream; for cooking and table use <br /> <i>(Example: You wanna have some of that bread that you had yesterday with the butter on it)</i>,,,,2
watch_1,watch,a period of time (4 or 2 hours) during which some of a ship's crew are on duty <br /> <i>(Example: The crewmate fell asleep during his watch)</i>,a purposeful surveillance to guard or observe <br /> <i>(Example: Keep close watch on that one)</i>,a person employed to keep watch for some anticipated event <br /> <i>(Example: I'll be first watch)</i>,a small portable timepiece <br /> <i>(Example: But your watch says it's 3pm)</i>,"the rite of staying awake for devotional purposes (especially on the eve of a religious festival) <br /> <i>(Example: When a Jew dies, a watch is kept over the body)</i>",5
blue_1,blue,used to signify the Union forces in the American Civil War (who wore blue uniforms) <br /> <i>(Example: A ragged blue line)</i>,causing dejection <br /> <i>(Example: A blue day)</i>,belonging to or characteristic of the nobility or aristocracy <br /> <i>(Example: A blue family)</i>,characterized by profanity or cursing <br /> <i>(Example: Blue language)</i>,filled with melancholy and despondency <br /> <i>(Example: Lonely and blue in a strange city)</i>,5
hold_6,hold,support or hold in a certain manner <br /> <i>(Example: She holds her head high)</i>,be pertinent or relevant or applicable <br /> <i>(Example: This theory holds for all irrational numbers)</i>,have or hold in one's hands or grip <br /> <i>(Example: A crazy idea took hold of him)</i>,lessen the intensity of; temper; hold in restraint; hold or keep within limits <br /> <i>(Example: Hold your tongue)</i>,"be valid, applicable, or true <br /> <i>(Example: This theory still holds)</i>",5
bathtub_1,bathtub,a relatively large open container that you fill with water and use to wash the body <br /> <i>(Example: Is she getting out of the bathtub yet)</i>,,,,,1
pretzel_1,pretzel,glazed and salted cracker typically in the shape of a loose knot <br /> <i>(Example: Nutritious lunch of pretzels and a little cheese)</i>,,,,,1
feed_3,feed,support or promote <br /> <i>(Example: His admiration fed her vanity)</i>,take in food; used of animals only <br /> <i>(Example: Whales feed on krill)</i>,,,,2
truck_1,truck,an automotive vehicle suitable for hauling <br /> <i>(Example: Dad got a new truck)</i>,a handcart that has a frame with two low wheels and a ledge at the bottom and handles at the top; used to move crates or other heavy objects <br /> <i>(Example: Use the truck to move the heavy boxes)</i>,,,,2
tear_1,tear,strip of feathers <br /> <i>(Example: Tear a chicken)</i>,move quickly and violently <br /> <i>(Example: The car tore down the street)</i>,to separate or be separated by force <br /> <i>(Example: You tore your Sesame Street coloring book to shreds)</i>,fill with tears or shed tears <br /> <i>(Example: Her eyes were tearing)</i>,separate or cause to separate abruptly <br /> <i>(Example: Tear the paper)</i>,5
wind_1,wind,a musical instrument in which the sound is produced by an enclosed column of air that is moved by the breath <br /> <i>(Example: I could never play wind instruments)</i>,empty rhetoric or insincere or exaggerated talk <br /> <i>(Example: That's a lot of wind)</i>,an indication of potential opportunity <br /> <i>(Example: He got wind on the stock market)</i>,a tendency or force that influences events <br /> <i>(Example: The winds of change)</i>,air moving (sometimes with considerable force) from an area of high pressure to an area of low pressure <br /> <i>(Example: Trees bent under the fierce winds)</i>,5
wash_2,wash,move by or as if by water <br /> <i>(Example: The swollen river washed away the footbridge)</i>,separate dirt or gravel from (precious minerals) <br /> <i>(Example: The gold washed out from the dirt)</i>,be capable of being washed <br /> <i>(Example: Does this material wash?)</i>,form by erosion <br /> <i>(Example: The river washed a ravine into the mountainside)</i>,wash or flow against <br /> <i>(Example: Down came the rain and washed the spider out)</i>,5
donkey_1,donkey,domestic beast of burden descended from the African wild ass; patient but stubborn <br /> <i>(Example: A donkey says hee-haw very good)</i>,the symbol of the Democratic Party; introduced in cartoons by Thomas Nast in 1874 <br /> <i>(Example: A Donkey like you just wouldn't understand)</i>,,,,2
lips_1,lips,an impudent or insolent rejoinder <br /> <i>(Example: Don't give me any lip)</i>,the top edge of a vessel or other container <br /> <i>(Example: He added salt on the lip of the glass)</i>,either the outer margin or the inner margin of the aperture of a gastropod's shell <br /> <i>(Example: There was a chip in the shell's lip)</i>,either of two fleshy folds of tissue that surround the mouth and play a role in speaking <br /> <i>(Example: My lips are chapped)</i>,,4
long_2,long,involving substantial risk <br /> <i>(Example: Long odds)</i>,good at remembering <br /> <i>(Example: Elephants have a long memory)</i>,holding securities or commodities in expectation of a rise in prices <br /> <i>(Example: Is long on coffee)</i>,primarily spatial sense; of relatively great or greater than average spatial extension or extension as specified <br /> <i>(Example: A long road)</i>,,4
taste_2,taste,experience briefly <br /> <i>(Example: The ex-slave tasted freedom shortly before she died)</i>,,,,,1
pick_3,pick,pay for something <br /> <i>(Example: Pick up the tab)</i>,remove in small bits <br /> <i>(Example: Pick meat from a bone)</i>,,,,2
lamb_1,lamb,young sheep <br /> <i>(Example: I don't know if these are lambs or goats)</i>,the flesh of a young domestic sheep eaten as food <br /> <i>(Example: I ordered lamb for dinner)</i>,a person easily deceived or cheated (especially in financial matters) <br /> <i>(Example: He's such a lamb he's been tricked again and lost $500)</i>,"a sweet innocent mild-mannered person (especially a child) <br /> <i>(Example: Be a lamb and grab me my shoes, please)</i>",,4
carry_1,carry,"move while supporting, either in a vehicle or in one's hands or on one's body <br /> <i>(Example: You must carry your camping gear)</i>",secure the passage or adoption (of bills and motions) <br /> <i>(Example: He carried the bill through the senate)</i>,continue or extend <br /> <i>(Example: Do you want me to carry on driving or would you like to drive the next bit)</i>,transfer (entries) from one account book to another <br /> <i>(Example: Can you carry this transaction to Mark's account?)</i>,win in an election <br /> <i>(Example: The senator carried his home state)</i>,5
hit_4,hit,hit against; come into sudden contact with <br /> <i>(Example: The car hit a tree)</i>,consume to excess <br /> <i>(Example: Hit the bottle)</i>,,,,2
camera_1,camera,equipment for taking photographs (usually consisting of a lightproof box with a lens at one end and light-sensitive film at the other) <br /> <i>(Example: I bought a camera to take pictures of plants)</i>,television equipment consisting of a lens system that focuses an image on a photosensitive mosaic that is scanned by an electron beam <br /> <i>(Example: Say bye bye to the camera)</i>,,,,2
hurry_1,hurry,urge to an unnatural speed <br /> <i>(Example: As Franklin hurried to fox's house he kept looking at the sky)</i>,move very fast <br /> <i>(Example: Were you trying to hurry up?)</i>,act or move at high speed <br /> <i>(Example: Hurry--it's late!)</i>,,,3
break_6,break,pierce or penetrate <br /> <i>(Example: The blade broke her skin)</i>,destroy the integrity of; usually by force; cause to separate into pieces or fragments <br /> <i>(Example: I'm gonna put some graham crackers in this bag and I want you to break them up into little pieces okay)</i>,do a break dance <br /> <i>(Example: Kids were break-dancing at the street corner)</i>,find the solution or key to <br /> <i>(Example: Break the code)</i>,come into being <br /> <i>(Example: Light broke over the horizon)</i>,5
hold_1,hold,assert or affirm <br /> <i>(Example: Rousseau's philosophy holds that people are inherently good)</i>,have room for; hold without crowding <br /> <i>(Example: The auditorium can't hold more than 500 people)</i>,be capable of holding or containing <br /> <i>(Example: The flask holds one gallon)</i>,keep in mind or convey as a conviction or view <br /> <i>(Example: Hold these truths to be self-evident)</i>,contain or hold; have within <br /> <i>(Example: The canteen holds fresh water)</i>,5
yellow_2,yellow,cowardly or treacherous <br /> <i>(Example: The little yellow stain of treason)</i>,,,,,1
cry_2,cry,"shed tears because of sadness, rage, or pain <br /> <i>(Example: She cried bitterly when she heard the news of his death)</i>",demand immediate action <br /> <i>(Example: This situation is crying for attention)</i>,,,,2
give_8,give,occur <br /> <i>(Example: What gives?)</i>,give as a present; make a gift of <br /> <i>(Example: What will you give her for her birthday?)</i>,"bestow, especially officially <br /> <i>(Example: Give a divorce)</i>",emit or utter <br /> <i>(Example: Give a yelp)</i>,leave with; give temporarily <br /> <i>(Example: Can I give you my keys while I go in the pool?)</i>,5
black_1,black,marked by anger or resentment or hostility <br /> <i>(Example: Black looks)</i>,"of or belonging to a racial group having dark skin especially of sub-Saharan African origin <br /> <i>(Example: A great people, a black people, injected new meaning and dignity into the veins of civilization - Martin Luther King Jr)</i>",offering little or no hope <br /> <i>(Example: The future looked black)</i>,(of events) having extremely unfortunate or dire consequences; bringing ruin <br /> <i>(Example: The stock market crashed on Black Friday)</i>,harshly ironic or sinister <br /> <i>(Example: Black humor)</i>,5
show_2,show,give expression to <br /> <i>(Example: She showed her disappointment)</i>,finish third or better in a horse or dog race <br /> <i>(Example: He bet $2 on number six to show)</i>,be or become visible or noticeable <br /> <i>(Example: His good upbringing really shows)</i>,"show in, or as in, a picture <br /> <i>(Example: This scene shows country life)</i>","take (someone) to their seats, as in theaters or auditoriums <br /> <i>(Example: The usher showed us to our seats)</i>",5
go_1,go,be the right size or shape; fit correctly or as desired <br /> <i>(Example: This peice doesnt go in the puzzle)</i>,enter or assume a certain state or condition <br /> <i>(Example: Get going!)</i>,be in the right place or situation <br /> <i>(Example: Let's put health care where it belongs--under the control of the government)</i>,make a certain noise or sound <br /> <i>(Example: The train goes choo choo)</i>,continue to live through hardship or adversity <br /> <i>(Example: How long can you go without water?)</i>,5
rock_2,rock,pitching dangerously to one side <br /> <i>(Example: The waves gave the ship a rock)</i>,,,,,1
sun_1,sun,a person considered as a source of warmth or energy or glory etc <br /> <i>(Example: She's the sun of the class)</i>,any star around which a planetary system revolves <br /> <i>(Example: There are many suns in the universe)</i>,the star that is the source of light and heat for the planets in the solar system <br /> <i>(Example: The sun contains 99. 85% of the mass in the solar system)</i>,the rays of the sun <br /> <i>(Example: The shingles were weathered by the sun and wind)</i>,first day of the week; observed as a day of rest and worship by most Christians <br /> <i>(Example: The first day is known as Sun)</i>,5
take_4,take,interpret something in a certain way; convey a particular meaning or impression <br /> <i>(Example: How should I take this message?)</i>,"ascertain or determine by measuring, computing or take a reading from a dial <br /> <i>(Example: Take a pulse)</i>","pick out, select, or choose from a number of alternatives <br /> <i>(Example: Should mommy take a couple of books out?)</i>","get into one's hands, take physically <br /> <i>(Example: Can you take this bag, please)</i>",take as an undesirable consequence of some event or state of affairs <br /> <i>(Example: Her hard work took its toll on her)</i>,5
find_1,find,succeed in reaching; arrive at <br /> <i>(Example: The arrow found its mark)</i>,perceive oneself to be in a certain condition or place <br /> <i>(Example: Froggie's going to find himself in big trouble in a minute)</i>,"come upon, as if by accident; meet with <br /> <i>(Example: We find this idea in Plato)</i>",make a discovery <br /> <i>(Example: I found two pieces when I was vacuuming)</i>,perceive or be contemporaneous with <br /> <i>(Example: You'll find a lot of cheating in this school)</i>,5
catch_3,catch,be struck or affected by <br /> <i>(Example: Catch fire)</i>,see or watch <br /> <i>(Example: Did you catch the show with the snake on it)</i>,to hook or entangle <br /> <i>(Example: His string is all caught around his wheel)</i>,become aware of <br /> <i>(Example: He caught her staring out the window)</i>,reach in time <br /> <i>(Example: I have to catch a train at 7 o'clock)</i>,5
pajamas_1,pajamas,(usually plural) loose-fitting nightclothes worn for sleeping or lounging; have a jacket top and trousers <br /> <i>(Example: I think it's time to put on your pajamas)</i>,a pair of loose trousers tied by a drawstring around the waist; worn by men and women in some Asian countries <br /> <i>(Example: Put on your pajamas for today)</i>,,,,2
take_8,take,admit into a group or community <br /> <i>(Example: Take students for graduate study)</i>,engage for service under a term of contract <br /> <i>(Example: Shall we take a guide in Rome?)</i>,"serve oneself to, or consume regularly <br /> <i>(Example: I don't take sugar in my coffee)</i>",receive willingly something given or offered <br /> <i>(Example: I'd take some yogurt)</i>,require (time or space) <br /> <i>(Example: It took three hours to get to work this morning)</i>,5
knock_1,knock,knock against with force or violence <br /> <i>(Example: He's going to knock somebody over isn't he if he's not careful)</i>,"make light, repeated taps on a surface <br /> <i>(Example: He was knocking his fingers on the table impatiently)</i>",find fault with; express criticism of; point out real or perceived flaws <br /> <i>(Example: Don't knock the food--it's free)</i>,sound like a car engine that is firing too early <br /> <i>(Example: The engine is knocking)</i>,deliver a sharp blow or push : <br /> <i>(Example: He knocked the glass clear across the room)</i>,5
bring_1,bring,bestow a quality on <br /> <i>(Example: She brings a special atmosphere to our meetings)</i>,take something or somebody with oneself somewhere <br /> <i>(Example: This brings me to the main point)</i>,go or come after and bring or take back <br /> <i>(Example: Could you bring the wine?)</i>,bring into a different state <br /> <i>(Example: It brought him out of a deep sleep)</i>,cause to come into a particular state or condition <br /> <i>(Example: Bring water to the boiling point)</i>,5
fall_5,fall,touch or seem as if touching visually or audibly <br /> <i>(Example: Light fell on her face)</i>,go as if by falling <br /> <i>(Example: Grief fell from our hearts)</i>,drop oneself to a lower or less erect position <br /> <i>(Example: She fell back in her chair)</i>,lose office or power <br /> <i>(Example: The government fell overnight)</i>,descend in free fall under the influence of gravity <br /> <i>(Example: The branch fell from the tree)</i>,5
shower_2,shower,a brief period of precipitation <br /> <i>(Example: The game was interrupted by a brief shower)</i>,,,,,1
yard_1,yard,"an area having a network of railway tracks and sidings for storage and maintenance of cars and engines <br /> <i>(Example: In the train yard, engines hook up to coaches and freight cars)</i>",the enclosed land around a house or other building <br /> <i>(Example: It was a small house with almost no yard)</i>,a unit of length equal to 3 feet; defined as 91.44 centimeters; originally taken to be the average length of a stride <br /> <i>(Example: I need 3 yards of cotton for my skirt)</i>,the cardinal number that is the product of 10 and 100 <br /> <i>(Example: I need 3 yards of fabric)</i>,a tract of land enclosed for particular activities (sometimes paved and usually associated with buildings) <br /> <i>(Example: They opened a repair yard on the edge of town)</i>,5
fork_1,fork,the region of the angle formed by the junction of two branches <br /> <i>(Example: They took the south fork)</i>,cutlery used for serving and eating food <br /> <i>(Example: I'm gonna use a fork to eat it)</i>,an agricultural tool used for lifting or digging; has a handle and metal prongs <br /> <i>(Example: It's a spade and a fork isn't it)</i>,the act of branching out or dividing into branches <br /> <i>(Example: There is a fork in the company to Europe)</i>,the angle formed by the inner sides of the legs where they join the human trunk <br /> <i>(Example: There is a stain in the fork of this jeans)</i>,5
hide_1,hide,"be or go into hiding; keep out of sight, as for protection and safety <br /> <i>(Example: She is hiding in the bathroom)</i>",make undecipherable or imperceptible by obscuring or concealing <br /> <i>(Example: She hid the message)</i>,cover as if with a shroud <br /> <i>(Example: The origins of this civilization are hidden in mystery)</i>,prevent from being seen or discovered <br /> <i>(Example: Muslim women hide their faces)</i>,,4
mittens_1,mittens,glove that encases the thumb separately and the other four fingers together <br /> <i>(Example: I got mittens for christmas)</i>,,,,,1
run_2,run,"carry out a process or program, as on a computer or a machine <br /> <i>(Example: Run a new program on the Mac)</i>","move along, of liquids <br /> <i>(Example: The Missouri runs into the Mississippi)</i>",change or be different within limits <br /> <i>(Example: Interest rates run from 5 to 10 percent)</i>,perform as expected when applied <br /> <i>(Example: Does this old car still run well?)</i>,"deal in illegally, such as arms or liquor <br /> <i>(Example: He ran guns for the militia)</i>",5
sleepy_1,sleepy,ready to fall asleep <br /> <i>(Example: Beginning to feel sleepy)</i>,,,,,1
cut_8,cut,"weed out unwanted or unnecessary things <br /> <i>(Example: We had to lose weight, so we cut the sugar from our diet)</i>",dissolve by breaking down the fat of <br /> <i>(Example: Soap cuts grease)</i>,be able to manage or manage successfully <br /> <i>(Example: She could not cut the long days in the office)</i>,fell by sawing; hew <br /> <i>(Example: The Vietnamese cut a lot of timber while they occupied Cambodia)</i>,stop filming <br /> <i>(Example: Cut a movie scene)</i>,5
train_2,train,public transport provided by a line of railway cars coupled together and drawn by a locomotive <br /> <i>(Example: Express trains don't stop at Princeton Junction)</i>,,,,,1
make_9,make,give certain properties to something <br /> <i>(Example: Don't make this into a big deal)</i>,be suitable for <br /> <i>(Example: Wood makes good furniture)</i>,cause to be enjoyable or pleasurable <br /> <i>(Example: Make my day)</i>,undergo fabrication or creation <br /> <i>(Example: This wool makes into a nice sweater)</i>,eliminate urine <br /> <i>(Example: Do you have to make potty?)</i>,5
asleep_1,asleep,lacking sensation <br /> <i>(Example: My foot is asleep)</i>,in a state of sleep <br /> <i>(Example: We were all asleep when the phone rang)</i>,"dead <br /> <i>(Example: He is now asleep, our dear departed)</i>",,,3
share_1,share,communicate <br /> <i>(Example: I'd like to share this idea with you)</i>,have in common <br /> <i>(Example: Our children share a love of music)</i>,"have, give, or receive a share of <br /> <i>(Example: We shared the cake)</i>",give out as one's portion or share <br /> <i>(Example: Can you share the cookies with your sister?)</i>,use jointly or in common <br /> <i>(Example: Can you share the toy with your sister?)</i>,5
sit_1,sit,serve in a specific professional capacity <br /> <i>(Example: She sat on the jury)</i>,be in session <br /> <i>(Example: When does the court of law sit?)</i>,show to a seat; assign a seat for <br /> <i>(Example: You could sit somebody in the back)</i>,take a seat <br /> <i>(Example: Please sit down)</i>,"sit and travel on the back of animal, usually while controlling its motions <br /> <i>(Example: She never sat a horse!)</i>",5
tired_1,tired,repeated too often; overfamiliar through overuse <br /> <i>(Example: Tired metaphor)</i>,depleted of strength or energy <br /> <i>(Example: Tired mothers with crying babies)</i>,,,,2
table_1,table,a piece of furniture with tableware for a meal laid out on it <br /> <i>(Example: I reserved a table at my favorite restaurant)</i>,flat tableland with steep edges <br /> <i>(Example: The tribe was relatively safe on the table but they had to descend into the valley for water)</i>,a piece of furniture having a smooth flat top that is usually supported by one or more vertical legs <br /> <i>(Example: It was a sturdy table)</i>,a set of data arranged in rows and columns <br /> <i>(Example: See table 1)</i>,food or meals in general <br /> <i>(Example: She sets a fine table)</i>,5
bump_1,bump,dance erotically or dance with the pelvis thrust forward <br /> <i>(Example: Bump and grind)</i>,knock against with force or violence <br /> <i>(Example: My car bumped into the tree)</i>,assign to a lower position; reduce in rank <br /> <i>(Example: She was bumped because she always speaks up)</i>,"come upon, as if by accident; meet with <br /> <i>(Example: Great to bump into you)</i>",remove or force from a position of dwelling previously occupied <br /> <i>(Example: The new employee bumped her by moving into her office space)</i>,5
have_2,have,have ownership or possession of <br /> <i>(Example: How many cars does she have?)</i>,undergo <br /> <i>(Example: The stocks had a fast run-up)</i>,cause to do; cause to act in a specified manner <br /> <i>(Example: My wife had me buy a new sofa)</i>,go through (mental or physical states or experiences) <br /> <i>(Example: Have a feeling)</i>,cause to move; cause to be in a certain position or condition <br /> <i>(Example: I'll have them moved to another room)</i>,5
stove_1,stove,a kitchen appliance used for cooking food <br /> <i>(Example: Dinner was already on the stove)</i>,any heating apparatus <br /> <i>(Example: Boil some water on the stove)</i>,,,,2
take_9,take,occupy or take on <br /> <i>(Example: She took her seat on the stange)</i>,develop a habit <br /> <i>(Example: He took to visiting bars)</i>,,,,2
bird_1,bird,warm-blooded egg-laying vertebrates characterized by feathers and forelimbs modified as wings <br /> <i>(Example: Birds filled the air)</i>,informal terms for a (young) woman <br /> <i>(Example: She hated being called a bird)</i>,badminton equipment consisting of a ball of cork or rubber with a crown of feathers <br /> <i>(Example: The bird flew past and hit the racket)</i>,a cry or noise made to express displeasure or contempt <br /> <i>(Example: Don't make a bird)</i>,the flesh of a bird or fowl (wild or domestic) used as food <br /> <i>(Example: Do you want to eat bird?)</i>,5
lamp_1,lamp,an artificial source of visible illumination <br /> <i>(Example: The street lamps went on at 8pm)</i>,"a piece of furniture holding one or more electric light bulbs <br /> <i>(Example: Turn on the lamp, it's so dark in here)</i>",,,,2
spill_1,spill,reduce the pressure of wind on (a sail) <br /> <i>(Example: The mainsheet may be loosened to spill wind)</i>,pour out in drops or small quantities or as if in drops or small quantities <br /> <i>(Example: Spill blood)</i>,"flow, run or fall out and become lost <br /> <i>(Example: The milk spilled across the floor)</i>",cause or allow (a liquid substance) to run or flow from a container <br /> <i>(Example: Spill the milk)</i>,reveal information <br /> <i>(Example: The former employee spilled all the details)</i>,5
lion_1,lion,"(astrology) a person who is born while the sun is in Leo <br /> <i>(Example: My sister is such a lion, I can't see her as anythign but a leo)</i>",large gregarious predatory feline of Africa and India having a tawny coat with a shaggy mane in the male <br /> <i>(Example: Most lions live in family groups called prides)</i>,"a celebrity who is lionized (much sought after) <br /> <i>(Example: He's such a lion, everyone wants to work with him)</i>",,,3
fall_2,fall,fall or flow in a certain way <br /> <i>(Example: It's gonna fall over in a minute)</i>,move in a specified direction <br /> <i>(Example: The line of men fall forward)</i>,be inherited by <br /> <i>(Example: The estate fell to your sister)</i>,"decrease in size, extent, or range <br /> <i>(Example: His voice fell to a whisper)</i>",come as if by falling <br /> <i>(Example: Night fell)</i>,5
finish_2,finish,finish eating all the food on one's plate or on the table <br /> <i>(Example: Mommy will finish your soup)</i>,,,,,1
ear_1,ear,the sense organ for hearing and equilibrium <br /> <i>(Example: The smallest bones are hidden deep inside our ears)</i>,fruiting spike of a cereal plant especially corn <br /> <i>(Example: I ate an ear of corn)</i>,attention to what is said <br /> <i>(Example: He tried to get her ear)</i>,good hearing <br /> <i>(Example: He had a keen ear)</i>,"the externally visible cartilaginous structure of the external ear <br /> <i>(Example: I don't think it's behind your ear, is it?)</i>",5
blanket_1,blanket,anything that covers <br /> <i>(Example: There was a blanket of snow)</i>,bedding that keeps a person warm in bed <br /> <i>(Example: Do you need another blanket?)</i>,,,,2
sweater_1,sweater,a crocheted or knitted garment covering the upper part of the body <br /> <i>(Example: Grandma made you so many nice sweaters didn't she)</i>,a person who perspires <br /> <i>(Example: I'm a huge sweater when I exercise)</i>,,,,2
slow_2,slow,at a slow tempo <br /> <i>(Example: The band played a slow waltz)</i>,,,,,1
work_5,work,cause to operate or function <br /> <i>(Example: This pilot works the controls)</i>,exert oneself by doing mental or physical work for a purpose or out of necessity <br /> <i>(Example: I will work hard to improve my grades)</i>,have an effect or outcome; often the one desired or expected <br /> <i>(Example: The voting process doesn't work as well as people thought)</i>,"operate in a certain place, area, or specialty <br /> <i>(Example: She works the night clubs)</i>",cause to undergo fermentation <br /> <i>(Example: The vintner worked the wine in big oak vats)</i>,5
knock_2,knock,rap with the knuckles <br /> <i>(Example: Knock on the door)</i>,,,,,1
jump_2,jump,"start (a car engine whose battery is dead) by connecting it to another car's battery <br /> <i>(Example: Can you give me a jump, my battery is dead)</i>","move or jump suddenly, as if in surprise or alarm <br /> <i>(Example: Did the spider make you jump?)</i>",be highly noticeable <br /> <i>(Example: Does anything jump out to you?)</i>,bypass <br /> <i>(Example: You jumped the best part of the book)</i>,cause to jump or leap <br /> <i>(Example: The trainer jumped the tiger through the hoop)</i>,5
buy_1,buy,acquire by trade or sacrifice or exchange <br /> <i>(Example: She wanted to buy his love with her dedication to him and his work)</i>,make illegal payments to in exchange for favors or influence <br /> <i>(Example: This judge can be bought)</i>,obtain by purchase; acquire by means of a financial transaction <br /> <i>(Example: I need to buy some eggs)</i>,accept as true <br /> <i>(Example: I can't buy this story)</i>,be worth or be capable of buying <br /> <i>(Example: This sum will buy you a ride on the train)</i>,5
mouse_1,mouse,any of numerous small rodents typically resembling diminutive rats having pointed snouts and small ears on elongated bodies with slender usually hairless tails <br /> <i>(Example: The harvest mouse is only five inches from its nose to its tail)</i>,a hand-operated electronic device that controls the coordinates of a cursor on your computer screen as you move it around on a pad; on the bottom of the device is a ball that rolls on the surface of the pad <br /> <i>(Example: A mouse takes much more room than a trackball)</i>,person who is quiet or timid <br /> <i>(Example: He's such a mouse in class)</i>,a swollen bruise caused by a blow to the eye <br /> <i>(Example: He got a mouse on his eye after the fight)</i>,,4
wet_1,wet,containing moisture or volatile components <br /> <i>(Example: Wet paint)</i>,supporting or permitting the legal production and sale of alcoholic beverages <br /> <i>(Example: A wet candidate running on a wet platform)</i>,producing or secreting milk <br /> <i>(Example: A wet nurse)</i>,consisting of or trading in alcoholic liquor <br /> <i>(Example: A wet cargo)</i>,covered or soaked with a liquid such as water <br /> <i>(Example: A wet bathing suit)</i>,5
dirty_1,dirty,unpleasantly stormy <br /> <i>(Example: There's dirty weather in the offing)</i>,unethical or dishonest <br /> <i>(Example: Dirty police officers)</i>,spreading pollution or contamination; especially radioactive contamination <br /> <i>(Example: The air near the foundry was always dirty)</i>,soiled or likely to soil with dirt or grime <br /> <i>(Example: Dirty unswept sidewalks)</i>,violating accepted standards or rules <br /> <i>(Example: A dirty fighter)</i>,5
fit_1,fit,be the right size or shape; fit correctly or as desired <br /> <i>(Example: This piece won't fit into the puzzle)</i>,be agreeable or acceptable to <br /> <i>(Example: This fits my needs)</i>,conform to some shape or size <br /> <i>(Example: How does this shirt fit?)</i>,make fit <br /> <i>(Example: Fit a dress)</i>,"provide with (something) usually for a specific purpose <br /> <i>(Example: The expedition was fitted with proper clothing, food, and other necessities)</i>",5
hammer_2,hammer,the act of pounding (delivering repeated heavy blows) <br /> <i>(Example: The sudden hammer of fists caught him off guard)</i>,a power tool for drilling rocks <br /> <i>(Example: Drill the rock with the hammer)</i>,the part of a gunlock that strikes the percussion cap when the trigger is pulled <br /> <i>(Example: The hammer in the gun malfunctioned)</i>,,,3
door_1,door,anything providing a means of access (or escape) <br /> <i>(Example: We closed the door to Haitian immigrants)</i>,a room that is entered via a door <br /> <i>(Example: His office is the third door down the hall on the left)</i>,a structure where people live or work (usually ordered along a street or road) <br /> <i>(Example: The office next door)</i>,a swinging or sliding barrier that will close the entrance to a room or building or vehicle <br /> <i>(Example: He knocked on the door)</i>,the entrance (the space in a wall) through which you enter or leave a room or building; the space that a door can close <br /> <i>(Example: He stuck his head in the doorway)</i>,5
book_1,book,the sacred writings of the Christian religions <br /> <i>(Example: What is your favorite passage from The Book?)</i>,a written work or composition that has been published (printed on pages bound together) <br /> <i>(Example: I am reading a good book on economics)</i>,the sacred writings of Islam revealed by God to the prophet Muhammad during his life at Mecca and Medina <br /> <i>(Example: The Holy Book of Islam is also known as the Quran)</i>,a collection of rules or prescribed standards on the basis of which decisions are made <br /> <i>(Example: They run things by the book around here)</i>,physical objects consisting of a number of pages bound together <br /> <i>(Example: He used a large book as a doorstop)</i>,5
good_5,good,of moral excellence <br /> <i>(Example: A genuinely good person)</i>,,,,,1
touch_1,touch,affect emotionally <br /> <i>(Example: I was touched by your kind letter of sympathy)</i>,be in direct physical contact with; make contact <br /> <i>(Example: The two buildings touch)</i>,make a more or less disguised reference to <br /> <i>(Example: He touched on the problem but did not mention it)</i>,comprehend <br /> <i>(Example: He could not touch the meaning of the poem)</i>,have an effect upon <br /> <i>(Example: That really touched me)</i>,5
cut_3,cut,pass directly and often in haste <br /> <i>(Example: We cut through the neighbor's yard to get home sooner)</i>,hit (a ball) with a spin so that it turns in the opposite direction <br /> <i>(Example: Cut a Ping-Pong ball)</i>,"form by probing, penetrating, or digging <br /> <i>(Example: Cut a hole)</i>",make an incision or separation <br /> <i>(Example: Cut along the dotted line)</i>,pass through or across <br /> <i>(Example: The boat cut the water)</i>,5
shirt_1,shirt,"a garment worn on the upper half of the body <br /> <i>(Example: Put your shirt back on, please)</i>",,,,,1
story_2,story,a piece of fiction that narrates a chain of related events <br /> <i>(Example: Can you read me a story?)</i>,,,,,1
leg_1,leg,one of the supports for a piece of furniture <br /> <i>(Example: Tripod means it's something with three legs)</i>,the limb of an animal used for food <br /> <i>(Example: It's a chicken leg)</i>,"a human limb; commonly used to refer to a whole limb but technically only the part of the limb between the knee and ankle <br /> <i>(Example: Put your legs back in your pants, please)</i>",a section or portion of a journey or course <br /> <i>(Example: The next leg of the race is a tough one)</i>,a prosthesis that replaces a missing leg <br /> <i>(Example: My new leg is expensive but it should last longer than my last one)</i>,5
run_3,run,occur persistently <br /> <i>(Example: Musical talent runs in the family)</i>,"be operating, running or functioning <br /> <i>(Example: The car is still running--turn it off!)</i>",pursue for food or sport (as of wild animals) <br /> <i>(Example: The dogs are running deer)</i>,come unraveled or undone as if by snagging <br /> <i>(Example: Her nylons were running)</i>,sail before the wind <br /> <i>(Example: On a run your sails can be let out on opposite side of the boat)</i>,5
windy_1,windy,"resembling the wind in speed, force, or variability <br /> <i>(Example: A windy dash home)</i>",abounding in or exposed to the wind or breezes <br /> <i>(Example: A windy bluff)</i>,not practical or realizable; speculative <br /> <i>(Example: Windy schemes for getting rich)</i>,using or containing too many words <br /> <i>(Example: Long-winded (or windy) speakers)</i>,,4
