donut_1,donut,a small ring-shaped friedcake <br /> <i>(Example: What if they don't have sprinkle donuts would you like a different kind?)</i>,,,,,1
boots_1,boots,the swift release of a store of affective force <br /> <i>(Example: What a boot!)</i>,British term for the luggage compartment in a car <br /> <i>(Example: Put the luggage in the boot)</i>,footwear that covers the whole foot and lower leg <br /> <i>(Example: I bought new boots)</i>,protective casing for something that resembles a leg <br /> <i>(Example: He wore a boot for his broken ankle)</i>,the act of delivering a blow with the foot <br /> <i>(Example: She gave him the boot)</i>,5
leg_2,leg,a structure in animals that is similar to a human leg and used for locomotion <br /> <i>(Example: The spider had eight legs)</i>,a cloth covering consisting of the part of a pair of trousers that covers a person's leg <br /> <i>(Example: You can't pull the legs down on shorts)</i>,(nautical) the distance traveled by a sailing vessel on a single tack <br /> <i>(Example: The next leg of the journey should take 30 days)</i>,a part of a forked or branching shape <br /> <i>(Example: He broke off the left leg of the branch)</i>,,4
broken_2,broken,subdued or brought low in condition or status <br /> <i>(Example: A broken man)</i>,"not continuous in space, time, or sequence or varying abruptly <br /> <i>(Example: Broken lines of defense)</i>",weakened and infirm <br /> <i>(Example: Broken health resulting from alcoholism)</i>,destroyed financially <br /> <i>(Example: The broken fortunes of the family)</i>,out of working order <br /> <i>(Example: A broken washing machine)</i>,5
tongue_1,tongue,any long thin projection that is transient <br /> <i>(Example: Tongues of flame licked at the walls)</i>,a manner of speaking <br /> <i>(Example: He spoke with a thick tongue)</i>,a narrow strip of land that juts out into the sea <br /> <i>(Example: A tongue of the sea)</i>,the tongue of certain animals used as meat <br /> <i>(Example: I don't like to eat cow tongue)</i>,a human written or spoken language used by a community; opposed to e.g. a computer language <br /> <i>(Example: Do you speak her tongue?)</i>,5
clap_1,clap,clap one's hands together <br /> <i>(Example: The children were clapping to the music)</i>,strike together so as to produce a sharp percussive noise <br /> <i>(Example: Clap two boards together)</i>,clap one's hands or shout after performances to indicate approval <br /> <i>(Example: The audience clapped)</i>,"strike with the flat of the hand; usually in a friendly way, as in encouragement or greeting <br /> <i>(Example: His dad clapped his back after he made the goal)</i>",put quickly or forcibly <br /> <i>(Example: The judge clapped him in jail)</i>,5
hold_8,hold,organize or be responsible for <br /> <i>(Example: Hold a reception)</i>,,,,,1
rock_1,rock,a lump or mass of hard consolidated mineral matter <br /> <i>(Example: He threw a rock at me)</i>,(figurative) someone who is strong and stable and dependable <br /> <i>(Example: He was her rock during the crisis)</i>,material consisting of the aggregate of minerals like those making up the Earth's crust <br /> <i>(Example: That mountain is solid rock)</i>,a genre of popular music originating in the 1950s; a blend of black rhythm-and-blues with white country-and-western <br /> <i>(Example: Rock is a generic term for the range of styles that evolved out of rock'n'roll)</i>,hard bright-colored stick candy (typically flavored with peppermint) <br /> <i>(Example: The rock candy turned your mouth blue)</i>,5
underpants_1,underpants,an undergarment that covers the body from the waist no further than to the thighs; usually worn next to the skin <br /> <i>(Example: Okay let's find you some underpants)</i>,,,,,1
hold_5,hold,"to close within bounds, limit or hold back from movement <br /> <i>(Example: This holds the local until the express passengers change trains)</i>",resist or confront with resistance <br /> <i>(Example: The bridge held)</i>,be the physical support of; carry the weight of <br /> <i>(Example: The beam holds up the roof)</i>,secure and keep for possible future use or application <br /> <i>(Example: I hold the right to disagree)</i>,"take and maintain control over, often by violent means <br /> <i>(Example: The dissatisfied students held the President's office for almost a week)</i>",5
oven_1,oven,kitchen appliance used for baking or roasting <br /> <i>(Example: I think there's cake cooking in this oven)</i>,,,,,1
snowman_1,snowman,a figure of a person made of packed snow <br /> <i>(Example: Let's build a snowman)</i>,,,,,1
drop_2,drop,cause to fall by or as if by delivering a blow <br /> <i>(Example: Drop down a tree)</i>,let fall to the ground <br /> <i>(Example: Don't drop the dishes)</i>,stop pursuing or acting <br /> <i>(Example: Drop a lawsuit)</i>,pay out <br /> <i>(Example: Don't drop money on that)</i>,hang freely <br /> <i>(Example: The light dropped from the ceiling)</i>,5
catch_6,catch,contract <br /> <i>(Example: Did you catch a cold?)</i>,attract and fix <br /> <i>(Example: Catch the attention of the waiter)</i>,detect a blunder or misstep <br /> <i>(Example: The reporter caught the senator)</i>,spread or be communicated <br /> <i>(Example: The fashion did not catch)</i>,,4
first_2,first,indicating the beginning unit in a series <br /> <i>(Example: First in line)</i>,,,,,1
get_5,get,reach with a blow or hit in a particular spot <br /> <i>(Example: The blow got him in the back)</i>,be a mystery or bewildering to <br /> <i>(Example: This question really got me)</i>,cause to do; cause to act in a specified manner <br /> <i>(Example: My children finally got me to buy a computer)</i>,move into a desired direction of discourse <br /> <i>(Example: What are you getting at?)</i>,reach a destination; arrive by movement or progress <br /> <i>(Example: She didn't get to Chicago until after midnight)</i>,5
run_5,run,have a tendency or disposition to do or be something; be inclined <br /> <i>(Example: These dresses run small)</i>,"move fast by using one's feet, with one foot off the ground at any given time <br /> <i>(Example: Don't run--you'll be out of breath)</i>",be affected by; be subjected to <br /> <i>(Example: Run a temperature)</i>,cause to emit recorded audio or video <br /> <i>(Example: They ran the tapes over and over again)</i>,make without a miss <br /> <i>(Example: We had a 10-0 run against the best team)</i>,5
slipper_1,slipper,"low footwear that can be slipped on and off easily; usually worn indoors <br /> <i>(Example: Where's my other slipper, my foot is getting cold)</i>",a person who slips or slides because of loss of traction <br /> <i>(Example: We have another slipper coming through)</i>,,,,2
close_1,close,engage at close quarters <br /> <i>(Example: Close with the enemy)</i>,change one's body stance so that the forward shoulder and foot are closer to the intended point of impact <br /> <i>(Example: He closed his stance towards the target)</i>,move so that an opening or passage is obstructed; make shut <br /> <i>(Example: Close the door)</i>,be priced or listed when trading stops <br /> <i>(Example: The stock market closed high this Friday)</i>,come to a close <br /> <i>(Example: The concert closed with a nocturne by Chopin)</i>,5
paper_1,paper,an essay (especially one written as an assignment) <br /> <i>(Example: I thought I missed that paper)</i>,a scholarly article describing the results of observations or stating hypotheses <br /> <i>(Example: He has written many scientific papers)</i>,a daily or weekly publication on folded sheets; contains news and articles and advertisements <br /> <i>(Example: He read his newspaper at breakfast)</i>,the physical object that is the product of a newspaper publisher <br /> <i>(Example: When it began to rain he covered his head with a newspaper)</i>,a business firm that publishes newspapers <br /> <i>(Example: Murdoch owns many newspapers)</i>,5
picture_1,picture,a situation treated as an observable object <br /> <i>(Example: The political picture is favorable)</i>,a typical example of some state or quality <br /> <i>(Example: The very picture of a modern general)</i>,a clear and telling mental image <br /> <i>(Example: He described his mental picture of his assailant)</i>,a visual representation (of an object or scene or person or abstraction) produced on a surface <br /> <i>(Example: They showed us the pictures of their wedding)</i>,a representation of a person or scene in the form of a print or transparent slide; recorded by a camera on light-sensitive material <br /> <i>(Example: Lets take a picture)</i>,5
pasta_1,pasta,shaped and dried dough made from flour and water and sometimes egg <br /> <i>(Example: It's elbow pasta)</i>,a dish that contains pasta as its main ingredient <br /> <i>(Example: I'm making small amount of that angel hair pasta)</i>,,,,2
fall_7,fall,pass suddenly and passively into a state of body or mind <br /> <i>(Example: Fall into a trap)</i>,be captured <br /> <i>(Example: The cities fell to the enemy)</i>,,,,2
pillow_1,pillow,"a cushion to support the head of a sleeping person <br /> <i>(Example: Where did your pillow go, how are you going to sleep?)</i>",,,,,1
bench_2,bench,(law) the seat for judges in a courtroom <br /> <i>(Example: He approached the bench with a document in hand)</i>,a long seat for more than one person <br /> <i>(Example: Do you want to sit on the bench?)</i>,,,,2
sandwich_1,sandwich,two (or more) slices of bread with a filling between them <br /> <i>(Example: I'm going to have my sandwich on a plate)</i>,,,,,1
work_2,work,cause to happen or to occur as a consequence <br /> <i>(Example: I cannot work a miracle)</i>,be employed <br /> <i>(Example: Is your husband working again?)</i>,"make something, usually for a specific function <br /> <i>(Example: Work the metal into a sword)</i>",perform as expected when applied <br /> <i>(Example: This old radio doesn't work anymore)</i>,operate in or through <br /> <i>(Example: Work the phones)</i>,5
gum_1,gum,the tissue (covered by mucous membrane) of the jaws that surrounds the bases of the teeth <br /> <i>(Example: Brush your teeth and gums)</i>,wood or lumber from any of various gum trees especially the sweet gum <br /> <i>(Example: Wood from the gum tree is used to make furniture)</i>,a preparation (usually made of sweetened chicle) for chewing <br /> <i>(Example: Kids love bubble gum)</i>,cement consisting of a sticky substance that is used as an adhesive <br /> <i>(Example: She used gum to hold the parts together)</i>,any of various substances (soluble in water) that exude from certain plants; they are gelatinous when moist but harden on drying <br /> <i>(Example: The gum is oozing out of the tree)</i>,5
napkin_1,napkin,a small piece of table linen that is used to wipe the mouth and to cover the lap in order to protect clothing <br /> <i>(Example: When you're finished eating all you have to do is wipe them a little bit on a napkin)</i>,garment consisting of a folded cloth drawn up between the legs and fastened at the waist; worn by infants to catch excrement <br /> <i>(Example: Make sure she has a napkin on before we leave)</i>,,,,2
watch_2,watch,the period during which someone (especially a guard) is on duty <br /> <i>(Example: I'll take first watch)</i>,,,,,1
pancake_1,pancake,a flat cake of thin batter fried on both sides on a griddle <br /> <i>(Example: Who else wants a pancake fresh off the griddle)</i>,,,,,1
can_1,can,airtight sealed metal container for food or drink or paint etc. <br /> <i>(Example: Can of coke)</i>,a buoy with a round bottom and conical top <br /> <i>(Example: There are cans near the shore to signal navigation)</i>,the quantity contained in a can <br /> <i>(Example: I ate a can of beans)</i>,the fleshy part of the human body that you sit on <br /> <i>(Example: He deserves a good kick in the can)</i>,a plumbing fixture for defecation and urination <br /> <i>(Example: I have to hit the can)</i>,5
paper_2,paper,a material made of cellulose pulp derived mainly from wood or rags or certain grasses <br /> <i>(Example: Oh you ripped the paper)</i>,a medium for written communication <br /> <i>(Example: The notion of an office running without paper is absurd)</i>,,,,2
ladder_1,ladder,steps consisting of two parallel members connected by rungs; for climbing up or down <br /> <i>(Example: Don't fall off the ladder please)</i>,ascending stages by which somebody or something can progress <br /> <i>(Example: He climbed the career ladder)</i>,a row of unravelled stitches <br /> <i>(Example: She got a ladder in her stocking)</i>,,,3
talk_1,talk,"reveal information <br /> <i>(Example: If you don't oblige me, I'll talk!)</i>",express in speech <br /> <i>(Example: She talks a lot of nonsense)</i>,exchange thoughts; talk with <br /> <i>(Example: We often talk business)</i>,deliver a lecture or talk <br /> <i>(Example: She will talk at Rutgers next week)</i>,use language <br /> <i>(Example: The baby talks already)</i>,5
nuts_1,nuts,usually large hard-shelled seed <br /> <i>(Example: He's allergic to tree nuts)</i>,one of the two male reproductive glands that produce spermatozoa and secrete androgens <br /> <i>(Example: She kicked him in the nuts and got away)</i>,someone who is so ardently devoted to something that it resembles an addiction <br /> <i>(Example: They are nuts about poker)</i>,a whimsically eccentric person <br /> <i>(Example: He is a nut)</i>,a small (usually square or hexagonal) metal block with internal screw thread to be fitted onto a bolt <br /> <i>(Example: It's missing half the nuts and bolts)</i>,5
game_1,game,your occupation or line of work <br /> <i>(Example: He's in the plumbing game)</i>,an amusement or pastime <br /> <i>(Example: They played word games)</i>,(tennis) a division of play during which one player serves <br /> <i>(Example: This is a game point)</i>,the game equipment needed in order to play a particular game <br /> <i>(Example: The child received several games for his birthday)</i>,a secret scheme to do something (especially something underhand or illegal) <br /> <i>(Example: I saw through his little game from the start)</i>,5
salt_1,salt,white crystalline form of especially sodium chloride used to season and preserve food <br /> <i>(Example: Did you add salt to this?)</i>,negotiations between the United States and the Union of Soviet Socialist Republics opened in 1969 in Helsinki designed to limit both countries' stock of nuclear weapons <br /> <i>(Example: Full scale SALT negotiations began in November 1969)</i>,the taste experience when common salt is taken into the mouth <br /> <i>(Example: This just tastes like salt)</i>,,,3
button_2,button,an electrical switch operated by pressing <br /> <i>(Example: The elevator was operated by push buttons)</i>,,,,,1
cover_5,cover,play a higher card than the one previously played <br /> <i>(Example: Smith covered again)</i>,cover as if with a shroud <br /> <i>(Example: The origins of this civilization are covered in mystery)</i>,act on verbally or in some form of artistic expression <br /> <i>(Example: The course covered all of Western Civilization)</i>,provide with a covering or cause to be covered <br /> <i>(Example: Cover her face with a handkerchief)</i>,hide from view or knowledge <br /> <i>(Example: The President covered the fact that he bugged the offices in the White House)</i>,5
say_3,say,utter aloud <br /> <i>(Example: What were you gonna say sweetie?)</i>,,,,,1
plate_2,plate,a main course served on a plate <br /> <i>(Example: A vegetable plate)</i>,any flat platelike body structure or part <br /> <i>(Example: He broke his chest plate in a car accident)</i>,a flat sheet of metal or glass on which a photographic image can be recorded <br /> <i>(Example: Photographic plates preceded photographic film as a target medium in photography)</i>,a dental appliance that artificially replaces missing teeth <br /> <i>(Example: My grandma got a new set of plates)</i>,dish on which food is served or from which food is eaten <br /> <i>(Example: How about Mommy helps you finish eating what you have on your plate?)</i>,5
cloud_1,cloud,a visible mass of water or ice particles suspended at a considerable altitude <br /> <i>(Example: The rain cloud was fluffy and white)</i>,"any collection of particles (e.g., smoke or dust) or gases that is visible <br /> <i>(Example: There is a cloud of smoke in the sky)</i>",suspicion affecting your reputation <br /> <i>(Example: After that mistake he was under a cloud)</i>,out of touch with reality <br /> <i>(Example: His head was in the clouds)</i>,a group of many things in the air or on the ground <br /> <i>(Example: Clouds of blossoms)</i>,5
tractor_1,tractor,a truck that has a cab but no body; used for pulling large trailers or vans <br /> <i>(Example: He is pulling a van with his tractor)</i>,a wheeled vehicle with large wheels; used in farming and other applications <br /> <i>(Example: The farm boy rode on his tractor)</i>,,,,2
bread_1,bread,food made from dough of flour or meal and usually raised with yeast or baking powder and then baked <br /> <i>(Example: Do you want bread and jam or a couple letter cookies?)</i>,informal terms for money <br /> <i>(Example: Let's get this bread)</i>,,,,2
carry_7,carry,behave in a certain manner <br /> <i>(Example: She carried herself well)</i>,pass on a communication <br /> <i>(Example: The news was carried to every village in the province)</i>,include as the content; broadcast or publicize <br /> <i>(Example: This paper carries a restaurant review)</i>,transmit or serve as the medium for transmission <br /> <i>(Example: The airwaves carry the sound)</i>,pursue a line of scent or be a bearer <br /> <i>(Example: The dog was taught to fetch and carry)</i>,5
stick_2,stick,informal terms for the leg <br /> <i>(Example: Fever left him weak on his sticks)</i>,a long implement (usually made of wood) that is shaped so that hockey or polo players can hit a puck or ball <br /> <i>(Example: I got a new hockey stick)</i>,a lever used by a pilot to control the ailerons and elevators of an airplane <br /> <i>(Example: The stick trigger was stuck)</i>,,,3
play_4,play,behave carelessly or indifferently <br /> <i>(Example: Play about with a young girl's affection)</i>,cause to emit recorded audio or video <br /> <i>(Example: I'll play you my favorite record)</i>,participate in games or sport <br /> <i>(Example: We played hockey all afternoon)</i>,shoot or hit in a particular manner <br /> <i>(Example: She played a good backhand last night)</i>,use to one's advantage <br /> <i>(Example: She plays on her clients' emotions)</i>,5
comb_1,comb,the act of drawing a comb through hair <br /> <i>(Example: His hair needed a comb)</i>,a flat device with narrow pointed teeth on one edge; disentangles or arranges hair <br /> <i>(Example: Now get your comb and your razor and all your styling supplies)</i>,any of several tools for straightening fibers <br /> <i>(Example: There are special combs for animal grooming)</i>,the fleshy red crest on the head of the domestic fowl and other gallinaceous birds <br /> <i>(Example: The turkey's comb)</i>,,4
face_1,face,a vertical surface of a building or cliff <br /> <i>(Example: This face of the building is unfinished)</i>,a specific size and style of type within a type family <br /> <i>(Example: I prefer bold face font)</i>,the feelings expressed on a person's face <br /> <i>(Example: An angry face)</i>,impudent aggressiveness <br /> <i>(Example: I couldn't believe her face)</i>,a part of a person that is used to refer to a person <br /> <i>(Example: He looked out at a roomful of faces)</i>,5
orange_1,orange,any citrus tree bearing oranges <br /> <i>(Example: I have an orange tree in my garden)</i>,a river in South Africa that flows generally westward to the Atlantic Ocean <br /> <i>(Example: The Orange river is beautiful this time of year)</i>,orange color or pigment; any of a range of colors between red and yellow <br /> <i>(Example: Did you ever see an orange kitty?)</i>,any pigment producing the orange color <br /> <i>(Example: The paint is orange)</i>,round yellow to orange fruit of any of several citrus trees <br /> <i>(Example: On friday he ate through five oranges and he was still hungry)</i>,5
make_3,make,to compose or represent: <br /> <i>(Example: This makes a fine introduction)</i>,calculate as being <br /> <i>(Example: I make the height about 100 feet)</i>,reach in time <br /> <i>(Example: We barely made the plane)</i>,"organize or be responsible for <br /> <i>(Example: Have, throw, or make a party)</i>","represent fictitiously, as in a play, or pretend to be or act like <br /> <i>(Example: She makes like an actress)</i>",5
motorcycle_1,motorcycle,a motor vehicle with two wheels and a strong frame <br /> <i>(Example: There's a man on a motorcycle)</i>,,,,,1
see_3,see,accompany or escort <br /> <i>(Example: I'll see you to the door)</i>,go or live through <br /> <i>(Example: He saw action in Viet Nam)</i>,"get to know or become aware of, usually accidentally <br /> <i>(Example: I see that you have been promoted)</i>",go to see for a social visit <br /> <i>(Example: I went to see my friend Mary the other day)</i>,"observe, check out, and look over carefully or inspect <br /> <i>(Example: I must see your passport before you can enter the country)</i>",5
penis_1,penis,the male organ of copulation (`member' is a euphemism) <br /> <i>(Example: You have a penis)</i>,,,,,1
applesauce_1,applesauce,nonsensical talk or writing <br /> <i>(Example: The baby talks applesauce)</i>,puree of stewed apples usually sweetened and spiced <br /> <i>(Example: I made some homemade applesauce)</i>,,,,2
sick_1,sick,feeling nausea; feeling about to vomit <br /> <i>(Example: Lily's stomach lurched she felt sick)</i>,"deeply affected by a strong feeling <br /> <i>(Example: Sat completely still, sick with envy)</i>","affected by an impairment of normal physical or mental function <br /> <i>(Example: A lotta people have been sick all winter though, we were lucky)</i>",shockingly repellent; inspiring horror <br /> <i>(Example: Sick tortures conceived by madmen)</i>,"affected with madness or insanity <br /> <i>(Example: I can't believe you did that, you're sick)</i>",5
pony_1,pony,a small glass adequate to hold a single swallow of whiskey <br /> <i>(Example: I found my first pony in an antique magazine)</i>,an informal term for a racehorse <br /> <i>(Example: He liked to bet on the ponies)</i>,a range horse of the western United States <br /> <i>(Example: We have a pony in our ranch)</i>,any of various breeds of small gentle horses usually less than five feet high at the shoulder <br /> <i>(Example: Hospitals can be scary so the Shetland pony miniature horse mix brings fun and comfort to sick kids)</i>,,4
gentle_2,gentle,marked by moderate steepness <br /> <i>(Example: A gentle slope)</i>,having little impact <br /> <i>(Example: Gentle rain)</i>,,,,2
white_2,white,(of coffee) having cream or milk added <br /> <i>(Example: Do you want your coffee white or black?)</i>,restricted to whites only <br /> <i>(Example: Under segregation there were even white restrooms and white drinking fountains)</i>,marked by the presence of snow <br /> <i>(Example: A white Christmas)</i>,(of a surface) not written or printed on <br /> <i>(Example: Wide white margins)</i>,anemic looking from illness or emotion <br /> <i>(Example: Lips white with terror)</i>,5
sprinkler_1,sprinkler,mechanical device that attaches to a garden hose for watering lawn or garden <br /> <i>(Example: Sprinkler does make things wet we're giving the plants water)</i>,,,,,1
good_1,good,tending to promote physical well-being; beneficial to health <br /> <i>(Example: A good night's sleep)</i>,agreeable or pleasing <br /> <i>(Example: We all had a good time)</i>,not left to spoil <br /> <i>(Example: The meat is still good)</i>,resulting favorably <br /> <i>(Example: It's a good thing that I wasn't there)</i>,thorough <br /> <i>(Example: Had a good workout)</i>,5
bicycle_1,bicycle,a wheeled vehicle that has two wheels and is moved by foot pedals <br /> <i>(Example: Do you want to learn to ride a bicycle?)</i>,,,,,1
moose_1,moose,large northern deer with enormous flattened antlers in the male; called `elk' in Europe and `moose' in North America <br /> <i>(Example: I'll ride on a moose they're used to the snow)</i>,,,,,1
tongue_2,tongue,a mobile mass of muscular tissue covered with mucous membrane and located in the oral cavity <br /> <i>(Example: Giraffes have very long tongues)</i>,the flap of material under the laces of a shoe or boot <br /> <i>(Example: The tonge of your shoe is all flipped around)</i>,,,,2
cold_3,cold,(color) giving no sensation of warmth <br /> <i>(Example: A cold bluish grey)</i>,"of a seeker; far from the object sought <br /> <i>(Example: Playing Hot and Cold, he only got colder)</i>",having lost freshness through passage of time <br /> <i>(Example: A cold trail)</i>,,,3
juice_1,juice,energetic vitality <br /> <i>(Example: Her creative juices were flowing)</i>,electric current <br /> <i>(Example: When the wiring was finished they turned on the juice)</i>,any of several liquids of the body <br /> <i>(Example: Digestive juices)</i>,the liquid part that can be extracted from plant or animal tissue by squeezing or cooking <br /> <i>(Example: Would you like orange juice?)</i>,,4
stand_3,stand,withstand the force of something <br /> <i>(Example: Stand the test of time)</i>,be available for stud services <br /> <i>(Example: The champion horse will stand next month)</i>,,,,2
head_4,head,the foam or froth that accumulates at the top when you pour an effervescent liquid into a container <br /> <i>(Example: The beer had a large head of foam)</i>,forward movement <br /> <i>(Example: The ship made little headway against the gale)</i>,a line of text serving to indicate what the passage below it is about <br /> <i>(Example: The heading seemed to have little to do with the text)</i>,the part in the front or nearest the viewer <br /> <i>(Example: He was at the head of the column)</i>,the striking part of a tool <br /> <i>(Example: The head of the hammer)</i>,5
clean_1,clean,exhibiting or calling for sportsmanship or fair play <br /> <i>(Example: A clean fight)</i>,free from dirt or impurities; or having clean habits <br /> <i>(Example: Children with clean shining faces)</i>,free of drugs <br /> <i>(Example: After a long dependency on heroin she has been clean for 4 years)</i>,morally pure <br /> <i>(Example: Led a clean life)</i>,free from sepsis or infection <br /> <i>(Example: A clean (or uninfected) wound)</i>,5
stay_1,stay,dwell <br /> <i>(Example: You can stay with me while you are in town)</i>,stay the same; remain in a certain state <br /> <i>(Example: Stay alone)</i>,stop or halt <br /> <i>(Example: Please stay the bloodshed!)</i>,stay put (in a certain place) <br /> <i>(Example: We are staying in Detroit; we are not moving to Cincinnati)</i>,remain behind <br /> <i>(Example: I had to stay at home and watch the children)</i>,5
cloud_2,cloud,a cause of worry or gloom or trouble <br /> <i>(Example: The only cloud on the horizon was the possibility of dissent by the French)</i>,,,,,1
dump_1,dump,fall abruptly <br /> <i>(Example: Should we dump all the pieces out)</i>,throw away as refuse <br /> <i>(Example: No dumping in these woods!)</i>,"sever all ties with, usually unceremoniously or irresponsibly <br /> <i>(Example: The company dumped him after many years of service)</i>",knock down with force <br /> <i>(Example: He dumped his opponent)</i>,sell at artificially low prices <br /> <i>(Example: We try not to dump our books)</i>,5
tree_1,tree,a tall perennial woody plant having a main trunk and branches forming a distinct elevated crown; includes both gymnosperms and angiosperms <br /> <i>(Example: Be careful while climbing the tree)</i>,a figure that branches from a single root <br /> <i>(Example: Genealogical tree)</i>,,,,2
car_1,car,a wheeled vehicle adapted to the rails of railroad <br /> <i>(Example: Three cars had jumped the rails)</i>,a conveyance for passengers or freight on a cable railway <br /> <i>(Example: They took a cable car to the top of the mountain)</i>,where passengers ride up and down <br /> <i>(Example: The car was on the top floor)</i>,a motor vehicle with four wheels; usually propelled by an internal combustion engine <br /> <i>(Example: He needs a car to get to work)</i>,the compartment that is suspended from an airship and that carries personnel and the cargo and the power plant <br /> <i>(Example: The car of the airship)</i>,5
nail_1,nail,horny plate covering and protecting part of the dorsal surface of the digits <br /> <i>(Example: You love those nail clippers)</i>,"a thin pointed piece of metal that is hammered into materials as a fastener <br /> <i>(Example: Get her some wood, a hammer, and nails)</i>",a former unit of length for cloth equal to 1/16 of a yard <br /> <i>(Example: I just need a nail of fabric for my hem tape)</i>,,,3
draw_4,draw,"pass over, across, or through <br /> <i>(Example: Those ducks better watch out so the bicycles don't run them over)</i>",suck in or take (air) <br /> <i>(Example: Draw a deep breath)</i>,remove (a commodity) from (a supply source) <br /> <i>(Example: She drew $2000 from the account)</i>,contract <br /> <i>(Example: The material drew after it was washed in hot water)</i>,remove the entrails of <br /> <i>(Example: Draw a chicken)</i>,5
hear_1,hear,"get to know or become aware of, usually accidentally <br /> <i>(Example: I heard you found the cookie jar)</i>",listen and pay attention <br /> <i>(Example: We must hear the expert before we make a decision)</i>,examine or hear (evidence or a case) by judicial process <br /> <i>(Example: The jury had heard all the evidence)</i>,perceive (sound) via the auditory sense <br /> <i>(Example: I can hear you!)</i>,receive a communication from someone <br /> <i>(Example: We heard nothing from our son for five years)</i>,5
ice_1,ice,a rink with a floor of ice for ice hockey or ice skating <br /> <i>(Example: The crowd applauded when she skated out onto the ice)</i>,an amphetamine derivative (trade name Methedrine) used in the form of a crystalline hydrochloride; used as a stimulant to the nervous system and as an appetite suppressant <br /> <i>(Example: Do you have any ice?)</i>,diamonds <br /> <i>(Example: Look at the ice on that dame!)</i>,the frozen part of a body of water <br /> <i>(Example: Land sheets of ice called glaciers move and carry rocks and dirt with them)</i>,a frozen dessert with fruit flavoring (especially one containing no milk) <br /> <i>(Example: Do you want cherry shaved ice?)</i>,5
build_2,build,improve the cleansing action of <br /> <i>(Example: Build detergents)</i>,form or accumulate steadily <br /> <i>(Example: Pressure is building up at the Indian-Pakistani border)</i>,"order, supervise, or finance the construction of <br /> <i>(Example: The government is building new schools in this state)</i>",be engaged in building <br /> <i>(Example: These architects build in interesting and new styles)</i>,develop and grow <br /> <i>(Example: Suspense was building right from the beginning of the opera)</i>,5
give_3,give,endure the loss of <br /> <i>(Example: He gave his life for his children)</i>,inflict as a punishment <br /> <i>(Example: The judge gave me 10 years)</i>,"place into the hands or custody of <br /> <i>(Example: Give me the spoon, please)</i>",convey or reveal information <br /> <i>(Example: Give one's name)</i>,perform for an audience <br /> <i>(Example: Pollini is giving another concert in New York)</i>,5
hand_2,hand,the (prehensile) extremity of the superior limb <br /> <i>(Example: He had the hands of a surgeon)</i>,a round of applause to signify approval <br /> <i>(Example: Give the little lady a great big hand)</i>,a unit of length equal to 4 inches; used in measuring horses <br /> <i>(Example: The horse stood 20 hands)</i>,a member of the crew of a ship <br /> <i>(Example: All hands on deck)</i>,physical assistance <br /> <i>(Example: Give me a hand with the chores)</i>,5
build_1,build,make by combining materials and parts <br /> <i>(Example: He built our house)</i>,build or establish something abstract <br /> <i>(Example: Build a reputation)</i>,found or ground <br /> <i>(Example: Build a defense on nothing but the accused person's reputation)</i>,"give form to, according to a plan <br /> <i>(Example: Build a modern nation)</i>",bolster or strengthen <br /> <i>(Example: Build up confidence)</i>,5
listen_1,listen,pay close attention to; give heed to <br /> <i>(Example: Listen to the advice of old men)</i>,listen and pay attention <br /> <i>(Example: Listen to your father)</i>,hear with intention <br /> <i>(Example: Listen to the sound of this cello)</i>,,,3
run_7,run,be diffused <br /> <i>(Example: These dyes and colors are guaranteed not to run)</i>,progress by being changed <br /> <i>(Example: Run through your presentation before the meeting)</i>,"pass over, across, or through <br /> <i>(Example: Those ducks better watch out so the bicycles don't run them over)</i>",extend or continue for a certain period of time <br /> <i>(Example: The film runs 5 hours)</i>,cause an animal to move fast <br /> <i>(Example: Run the dogs)</i>,5
carry_4,carry,be necessarily associated with or result in or involve <br /> <i>(Example: This crime carries a penalty of five years in prison)</i>,have with oneself; have on one's person <br /> <i>(Example: I always carry money)</i>,"transfer (a number, cipher, or remainder) to the next column or unit's place before or after, in addition or multiplication <br /> <i>(Example: Put down 5 and carry 2)</i>",take further or advance <br /> <i>(Example: Carry a cause)</i>,"propel, <br /> <i>(Example: Carry the ball)</i>",5
book_2,book,a compilation of the known facts regarding something or someone <br /> <i>(Example: His name is in all the record books)</i>,a written version of a play or other dramatic composition; used in preparing for a performance <br /> <i>(Example: We need to be off book by Thursday)</i>,a number of sheets (ticket or stamps etc.) bound together on one edge <br /> <i>(Example: He bought a book of stamps)</i>,a major division of a long written composition <br /> <i>(Example: The book of Isaiah)</i>,a record in which commercial accounts are recorded <br /> <i>(Example: They got a subpoena to examine our books)</i>,5
spoon_1,spoon,as much as a spoon will hold <br /> <i>(Example: He added two spoons of sugar)</i>,formerly a golfing wood with an elevated face <br /> <i>(Example: A spoon has a cupped club face)</i>,a piece of cutlery with a shallow bowl-shaped container and a handle; used to stir or serve or take up food <br /> <i>(Example: I think when you're eating soup it might be easier to use the spoon)</i>,,,3
broken_1,broken,topographically very uneven <br /> <i>(Example: Broken terrain)</i>,imperfectly spoken or written <br /> <i>(Example: Broken English)</i>,physically and forcibly separated into pieces or cracked or split <br /> <i>(Example: A broken mirror)</i>,discontinuous <br /> <i>(Example: Broken clouds)</i>,tamed or trained to obey <br /> <i>(Example: A horse broken to the saddle)</i>,5
drive_4,drive,"to compel or force or urge relentlessly or exert coercive pressure on, or motivate strongly <br /> <i>(Example: She is driven by her passion)</i>",move into a desired direction of discourse <br /> <i>(Example: What are you driving at?)</i>,"push, propel, or press with force <br /> <i>(Example: Drive a nail into the wall)</i>","strike with a driver, as in teeing off <br /> <i>(Example: Drive a golf ball)</i>",have certain properties when driven <br /> <i>(Example: My new truck drives well)</i>,5
wipe_1,wipe,rub with a circular motion <br /> <i>(Example: Wipe the blackboard)</i>,,,,,1
bed_1,bed,single thickness of usually some homogeneous substance <br /> <i>(Example: Slices of hard-boiled egg on a bed of spinach)</i>,the flat surface of a printing press on which the type form is laid in the last stage of producing a newspaper or magazine or book etc. <br /> <i>(Example: He placed the letter stamps on the bed and layed the white paper over them)</i>,a depression forming the ground under a body of water <br /> <i>(Example: He searched for treasure on the ocean bed)</i>,(geology) a stratum of rock (especially sedimentary rock) <br /> <i>(Example: They found a bed of sandstone)</i>,a piece of furniture that provides a place to sleep <br /> <i>(Example: He sat on the edge of the bed)</i>,5
black_3,black,(of the face) made black especially as with suffused blood <br /> <i>(Example: A face black with fury)</i>,extremely dark <br /> <i>(Example: A black moonless night)</i>,(of coffee) without cream or sugar <br /> <i>(Example: I like my coffee black)</i>,soiled with dirt or soot <br /> <i>(Example: With feet black from playing outdoors)</i>,,4
box_2,box,the quantity contained in a box <br /> <i>(Example: He gave her a box of chocolates)</i>,a blow with the hand (usually on the ear) <br /> <i>(Example: I gave him a good box on the ear)</i>,any one of several designated areas on a ball field where the batter or catcher or coaches are positioned <br /> <i>(Example: The umpire warned the batter to stay in the batter's box)</i>,a (usually rectangular) container; may have a lid <br /> <i>(Example: He rummaged through a box of spare parts)</i>,a rectangular drawing <br /> <i>(Example: The flowchart contained many boxes)</i>,5
slow_1,slow,slow to learn or understand; lacking intellectual acuity <br /> <i>(Example: Worked with the slow students)</i>,(of business) not active or brisk <br /> <i>(Example: Business is dull (or slow))</i>,so lacking in interest as to cause mental weariness <br /> <i>(Example: A slow evening with uninteresting people)</i>,not moving quickly; taking a comparatively long time <br /> <i>(Example: A slow walker)</i>,(used of timepieces) indicating a time earlier than the correct time <br /> <i>(Example: The clock is slow)</i>,5
close_3,close,cease to operate or cause to cease operating <br /> <i>(Example: The owners decided to move and to close the factory)</i>,"complete a business deal, negotiation, or an agreement <br /> <i>(Example: We closed on the house on Friday)</i>","come together, as if in an embrace <br /> <i>(Example: Her arms closed around her long lost relative)</i>",become closed <br /> <i>(Example: The windows closed with a loud bang)</i>,finish a game in baseball by protecting a lead <br /> <i>(Example: The relief pitcher closed with two runs in the second inning)</i>,5
dark_1,dark,showing a brooding ill humor <br /> <i>(Example: A dark scowl)</i>,marked by difficulty of style or expression <br /> <i>(Example: Much that was dark is now quite clear to me)</i>,stemming from evil characteristics or forces; wicked or dishonorable <br /> <i>(Example: Darth Vader of the dark side)</i>,brunet (used of hair or skin or eyes) <br /> <i>(Example: Dark eyes)</i>,(used of color) having a dark hue <br /> <i>(Example: Dark green)</i>,5
garbage_1,garbage,food that is discarded (as from a kitchen) <br /> <i>(Example: Throw the garbage away from dinner)</i>,a worthless message <br /> <i>(Example: This information is garbage)</i>,a receptacle where waste can be discarded <br /> <i>(Example: She tossed the moldy bread into the garbage)</i>,,,3
bench_1,bench,the magistrate or judge or judges sitting in court in judicial capacity to compose the court collectively <br /> <i>(Example: Ladies and gentelemen of the bench)</i>,a strong worktable for a carpenter or mechanic <br /> <i>(Example: Here's a tool bench)</i>,the reserve players on a team <br /> <i>(Example: Our team has a strong bench)</i>,persons who administer justice <br /> <i>(Example: You have no respect for the bench of this court)</i>,a level shelf of land interrupting a declivity (with steep slopes above and below) <br /> <i>(Example: The cottage sits on a bench in the mountains)</i>,5
egg_1,egg,oval reproductive body of a fowl (especially a hen) used as food <br /> <i>(Example: Which comes first the chicken or the egg)</i>,one of the two male reproductive glands that produce spermatozoa and secrete androgens <br /> <i>(Example: She kicked him in the balls and got away)</i>,animal reproductive body consisting of an ovum or embryo together with nutritive and protective envelopes; especially the thin-shelled reproductive body laid by e.g. female birds <br /> <i>(Example: The birds have eggs in their nests)</i>,,,3
go_6,go,"begin or set in motion <br /> <i>(Example: Ready, set, go!)</i>",be ranked or compare <br /> <i>(Example: This violinist is as good as Juilliard-trained violinists go)</i>,perform as expected when applied <br /> <i>(Example: The washing machine won't go unless it's plugged in)</i>,move away from a place into another direction <br /> <i>(Example: Go away!)</i>,blend or harmonize <br /> <i>(Example: This sofa won't go with the chairs)</i>,5
necklace_1,necklace,jewelry consisting of a cord or chain (often bearing gems) worn about the neck as an ornament (especially by women) <br /> <i>(Example: Glenmae is wearing a necklace around her neck)</i>,,,,,1
dress_1,dress,clothing in general <br /> <i>(Example: Fastidious about his dress)</i>,a one-piece garment for a woman; has skirt and bodice <br /> <i>(Example: You 'll get mud all over your dress!)</i>,clothing of a distinctive style or for a particular occasion <br /> <i>(Example: Battle dress)</i>,,,3
heavy_6,heavy,unusually great in degree or quantity or number <br /> <i>(Example: Heavy taxes)</i>,"(physics, chemistry) being or containing an isotope with greater than average atomic mass or weight <br /> <i>(Example: Heavy hydrogen)</i>",,,,2
make_8,make,constitute the essence of <br /> <i>(Example: Clothes make the man)</i>,make or cause to be or to become <br /> <i>(Example: Make a mess in one's office)</i>,appear to begin an activity <br /> <i>(Example: He made to speak but said nothing in the end)</i>,amount to <br /> <i>(Example: This salary increase makes no difference to my standard of living)</i>,"make, formulate, or derive in the mind <br /> <i>(Example: Make an estimate)</i>",5
cookie_1,cookie,any of various small flat sweet cakes (`biscuit' is the British term) <br /> <i>(Example: He gave you a chocolate chip cookie at ten o'clock in the morning)</i>,the cook on a ranch or at a camp <br /> <i>(Example: The cookie at camp is so talented)</i>,a short line of text that a web site puts on your computer's hard drive when you access the web site <br /> <i>(Example: Please clear your cookies)</i>,,,3
potato_1,potato,an edible tuber native to South America; a staple food of Ireland <br /> <i>(Example: We'll just go into the kitchen and get the potatos)</i>,annual native to South America having underground stolons bearing edible starchy tubers; widely cultivated as a garden vegetable; vines are poisonous <br /> <i>(Example: I can make you some of that mashed potatoes really quick)</i>,,,,2
balloon_1,balloon,small thin inflatable rubber bag with narrow neck <br /> <i>(Example: I bought some baloons from the store)</i>,large tough nonrigid bag filled with gas or heated air <br /> <i>(Example: Balloons do pop if you sit on them)</i>,,,,2
stop_3,stop,render unsuitable for passage <br /> <i>(Example: Stop the busy road)</i>,,,,,1
eat_1,eat,eat a meal; take a meal <br /> <i>(Example: We did not eat until 10 P. M. Because there were so many phone calls)</i>,worry or cause anxiety in a persistent way <br /> <i>(Example: What's eating you?)</i>,take in solid food <br /> <i>(Example: She was eating a banana)</i>,take in food; used of animals only <br /> <i>(Example: This dog doesn't eat certain kinds of meat)</i>,"cause to deteriorate due to the action of water, air, or an acid <br /> <i>(Example: The acid ate through the metal)</i>",5
nose_2,nose,the sense of smell (especially in animals) <br /> <i>(Example: The hound has a good nose)</i>,a front that resembles a human nose (especially the front of an aircraft) <br /> <i>(Example: The nose of the rocket heated up on reentry)</i>,the front or forward projection of a tool or weapon <br /> <i>(Example: He ducked under the nose of the gun)</i>,,,3
like_1,like,prefer or wish to do something <br /> <i>(Example: Would you like to come along to the movies?)</i>,find enjoyable or agreeable <br /> <i>(Example: I like jogging)</i>,be fond of <br /> <i>(Example: I like my nephews)</i>,want to have <br /> <i>(Example: I'd like a beer now!)</i>,"feel about or towards; consider, evaluate, or regard <br /> <i>(Example: How did you like the President's speech last night?)</i>",5
rain_1,rain,anything happening rapidly or in quick successive <br /> <i>(Example: A rain of bullets)</i>,water falling in drops from vapor condensed in the atmosphere <br /> <i>(Example: You'll get wet in the rain)</i>,drops of fresh water that fall as precipitation from clouds <br /> <i>(Example: You were soaked by the rain!)</i>,,,3
pencil_1,pencil,a thin cylindrical pointed writing implement; a rod of marking substance encased in wood <br /> <i>(Example: You wanna sharpen the pencils in the pencil sharpener)</i>,graphite (or a similar substance) used in such a way as to be a medium of communication <br /> <i>(Example: The words were scribbled in pencil)</i>,a cosmetic in a long thin stick; designed to be applied to a particular part of the face <br /> <i>(Example: An eyebrow pencil)</i>,,,3
glasses_2,glasses,a container for holding liquids while drinking <br /> <i>(Example: Can you get some glasses for the table?)</i>,the quantity a glass will hold <br /> <i>(Example: We'll have some glasses of water)</i>,optical instrument consisting of a frame that holds a pair of lenses for correcting defective vision <br /> <i>(Example: Do you wear your glasses all the time?)</i>,,,3
see_5,see,come together <br /> <i>(Example: I'll probably see you at the meeting)</i>,deliberate or decide <br /> <i>(Example: Let's see--which movie should we see tonight?)</i>,deem to be <br /> <i>(Example: I don't see the situation quite as negatively as you do)</i>,perceive by sight or have the power to perceive by sight <br /> <i>(Example: You have to be a good observer to see all the details)</i>,,4
tummy_1,tummy,slang for a paunch <br /> <i>(Example: We can see his tummy)</i>,an enlarged and muscular saclike organ of the alimentary canal; the principal organ of digestion <br /> <i>(Example: Does your tummy hurt?)</i>,,,,2
work_3,work,"shape, form, or improve a material <br /> <i>(Example: Work stone into tools)</i>",move into or onto <br /> <i>(Example: Work the raisins into the dough)</i>,proceed along a path <br /> <i>(Example: Work one's way through the crowd)</i>,provoke or excite <br /> <i>(Example: The rock musician worked the crowd of young girls into a frenzy)</i>,give a workout to <br /> <i>(Example: My personal trainer works me hard)</i>,5
animal_1,animal,a living organism characterized by voluntary movement <br /> <i>(Example: We saw animals at the zoo)</i>,,,,,1
empty_1,empty,needing nourishment <br /> <i>(Example: After skipped lunch the men were empty by suppertime)</i>,emptied of emotion <br /> <i>(Example: After the violent argument he felt empty)</i>,holding or containing nothing <br /> <i>(Example: An empty glass)</i>,devoid of significance or point <br /> <i>(Example: Empty promises)</i>,,4
blue_2,blue,suggestive of sexual impropriety <br /> <i>(Example: A blue movie)</i>,of the color intermediate between green and violet; having a color similar to that of a clear unclouded sky <br /> <i>(Example: October's bright blue weather)</i>,,,,2
bowl_2,bowl,a round vessel that is open at the top; used chiefly for holding food or liquids <br /> <i>(Example: There's more soup in the bowl)</i>,the act of rolling something (as the ball in bowling) <br /> <i>(Example: He had a perfect bowl)</i>,a wooden ball (with flattened sides so that it rolls on a curved course) used in the game of lawn bowling <br /> <i>(Example: Lawn bowl ball)</i>,,,3
look_1,look,give a certain impression or have a certain outward aspect <br /> <i>(Example: This project looks fishy)</i>,search or seek <br /> <i>(Example: We looked all day and finally found the child in the forest)</i>,have faith or confidence in <br /> <i>(Example: Look to your friends for support)</i>,accord in appearance with <br /> <i>(Example: You don't look your age!)</i>,"be oriented in a certain direction, often with respect to another reference point; be opposite to <br /> <i>(Example: The house looks north)</i>",5
cook_1,cook,prepare for eating by applying heat <br /> <i>(Example: I have to cook your toast)</i>,"tamper, with the purpose of deception <br /> <i>(Example: Cook the books)</i>",prepare a hot meal <br /> <i>(Example: My husband doesn't cook)</i>,transform by heating <br /> <i>(Example: The apothecary cooked the medicinal mixture in a big iron kettle)</i>,transform and make suitable for consumption by heating <br /> <i>(Example: These potatoes have to cook for 20 minutes)</i>,5
sweep_1,sweep,"force into some kind of situation, condition, or course of action <br /> <i>(Example: They were swept up by the events)</i>",clean by sweeping <br /> <i>(Example: Please sweep the floor)</i>,to cover or extend over an area or time period <br /> <i>(Example: Rivers sweep the valley floor)</i>,sweep across or over <br /> <i>(Example: A gasp swept cross the audience)</i>,cover the entire range of <br /> <i>(Example: They swept the campus for drugs)</i>,5
take_6,take,receive or obtain regularly <br /> <i>(Example: We take the Times every day)</i>,obtain by winning <br /> <i>(Example: Winner takes all)</i>,be a student of a certain subject <br /> <i>(Example: She is taking a class)</i>,"remove something concrete, as by lifting, pushing, or taking off, or remove something abstract <br /> <i>(Example: Take the gun from your pocket)</i>",be seized or affected in a specified way <br /> <i>(Example: Take sick)</i>,5
